dimension,birth,death
0,0.0,inf
0,0.0,618.3595146705584
0,0.0,230.35780300303955
0,0.0,102.53451265492214
0,0.0,39.00558039572038
0,0.0,28.723056146782575
0,0.0,20.9651721409548
0,0.0,18.351057582978072
