dimension,birth,death
0,0.0,inf
0,0.0,481.95888711988437
0,0.0,439.50522219642255
0,0.0,334.8713079326345
0,0.0,92.8659737198699
0,0.0,64.35057358911128
