dimension,birth,death
1,550.6679713949238,688.2776595982843
0,0.0,inf
0,0.0,533.7993912231374
0,0.0,510.57477126940546
0,0.0,436.5857163267664
0,0.0,267.8696675385696
0,0.0,267.2356266886601
0,0.0,158.04521132098225
0,0.0,31.820606842134882
0,0.0,28.736701763734906
0,0.0,24.847315548700536
0,0.0,20.90011746320124
