dimension,birth,death
0,0.0,inf
0,0.0,347.425732396371
0,0.0,187.3999274795677
0,0.0,168.63137423526084
0,0.0,131.96640908470926
0,0.0,86.12206653072266
0,0.0,68.01357770371503
0,0.0,20.294004605200293
0,0.0,17.75876335131454
0,0.0,11.020730313552875
