dimension,birth,death
0,0.0,inf
0,0.0,402.8976829854455
0,0.0,133.49845970608482
0,0.0,11.38594716297063
