dimension,birth,death
0,0.0,inf
0,0.0,567.7018953427539
0,0.0,26.83287670707108
