dimension,birth,death
0,0.0,inf
0,0.0,455.38180246704206
0,0.0,386.0424535989949
0,0.0,383.1241301171922
0,0.0,203.23399429642618
0,0.0,49.70859556905896
0,0.0,21.82943920368477
0,0.0,14.235476695925962
