dimension,birth,death
0,0.0,inf
0,0.0,454.46480811376205
0,0.0,360.47553146701705
0,0.0,243.69920959106966
0,0.0,218.95838918185822
0,0.0,195.82301063560004
0,0.0,179.8302092085444
0,0.0,104.51460056045467
0,0.0,93.54431283906538
0,0.0,89.32315263129678
0,0.0,81.05306951452462
