dimension,birth,death
0,0.0,inf
0,0.0,421.3177957386039
0,0.0,354.320486425102
0,0.0,323.4340888361511
0,0.0,263.5946136811511
0,0.0,214.99565877907648
0,0.0,179.65325823786247
0,0.0,40.06625919063188
0,0.0,35.908081149357244
0,0.0,24.762286445315453
0,0.0,19.66408780694373
