dimension,birth,death
0,0.0,inf
0,0.0,352.97452298038024
0,0.0,310.6463680916147
0,0.0,268.53593073132225
0,0.0,214.73434596230052
0,0.0,110.08177206781254
0,0.0,24.56526901029025
0,0.0,20.038664813351826
0,0.0,18.2249178863588
0,0.0,18.04742762825319
0,0.0,17.697898779668733
