dimension,birth,death
1,606.4356313122413,767.9903165065142
0,0.0,inf
0,0.0,498.926374197404
0,0.0,481.84080181587507
0,0.0,419.4069172540696
0,0.0,385.87302236800866
0,0.0,318.19027131217473
0,0.0,46.07718563668726
0,0.0,38.10199147837061
0,0.0,34.95603423155135
0,0.0,24.30314308405583
