dimension,birth,death
0,0.0,inf
0,0.0,488.9259503935394
0,0.0,377.37117215018816
0,0.0,279.4716205578366
0,0.0,60.18438153113484
0,0.0,47.46588592005367
0,0.0,29.891398087898665
0,0.0,23.43622951554495
0,0.0,20.95101569770949
0,0.0,16.049063375211222
