dimension,birth,death
0,0.0,inf
0,0.0,720.4664376823492
0,0.0,389.6010762408054
0,0.0,210.13380866920158
0,0.0,88.89508523937803
0,0.0,31.085506522896672
0,0.0,26.524935153361543
