dimension,birth,death
0,0.0,inf
0,0.0,533.7993912231374
0,0.0,436.5857163267664
0,0.0,343.3649853630716
0,0.0,281.5195844023205
0,0.0,243.44846244393477
0,0.0,200.7163002828328
0,0.0,27.6823166412181
0,0.0,24.847315548700536
0,0.0,20.90011746320124
