dimension,birth,death
0,0.0,inf
0,0.0,351.7017822392875
0,0.0,202.71267419299144
0,0.0,75.80194963004408
0,0.0,49.523728276053774
0,0.0,43.92649698670392
0,0.0,31.86722562893861
0,0.0,25.521442633719765
0,0.0,23.792904534525817
0,0.0,17.789071208576363
