dimension,birth,death
0,0.0,inf
0,0.0,787.3942347893638
0,0.0,691.2237016269635
0,0.0,365.32517444692644
0,0.0,305.3169049290335
0,0.0,244.9244624462623
0,0.0,240.67692625873917
0,0.0,199.15827964345976
0,0.0,141.2152005836502
0,0.0,140.66527363403108
0,0.0,38.95708123400926
0,0.0,35.62669257818668
0,0.0,32.032634048469646
0,0.0,20.645590591707787
