dimension,birth,death
0,0.0,inf
0,0.0,567.6581344436871
0,0.0,422.1649587996908
0,0.0,345.5773931610546
0,0.0,76.14104558824984
0,0.0,60.683399735005615
0,0.0,41.6456566202115
0,0.0,40.06969790577231
0,0.0,30.856326003628148
0,0.0,29.34946341415807
0,0.0,25.170305570739924
0,0.0,19.030033366796633
