dimension,birth,death
1,298.7288425370776,396.33391758644194
1,359.47987940862464,409.17570699763377
0,0.0,inf
0,0.0,357.3567960843593
0,0.0,297.36522097912876
0,0.0,263.0564601391519
0,0.0,262.90809259954847
0,0.0,245.3090208551702
0,0.0,241.4167702620396
0,0.0,227.03900008849484
0,0.0,220.41556735058887
0,0.0,162.86775577180848
0,0.0,110.39354794743137
0,0.0,64.28506194092856
0,0.0,59.97675904536523
0,0.0,29.069794449371226
