dimension,birth,death
0,0.0,inf
0,0.0,410.36876926289113
0,0.0,232.66549721336574
0,0.0,188.85036371504862
0,0.0,176.14681961750995
0,0.0,124.43199548883356
0,0.0,80.29917549588829
0,0.0,76.24178511519693
0,0.0,67.3641360979264
0,0.0,53.17690264450589
0,0.0,18.68508805299864
