dimension,birth,death
1,229.00726227724937,255.09967910619923
0,0.0,inf
0,0.0,299.1641553778662
0,0.0,212.75447282789477
0,0.0,170.73358171749877
0,0.0,128.86263397272586
0,0.0,114.3914241449396
0,0.0,74.08674384364926
0,0.0,62.794521553390595
0,0.0,47.499729242707396
0,0.0,43.56114751448681
0,0.0,42.254496824563596
0,0.0,41.83551398495351
0,0.0,41.211217031632195
