dimension,birth,death
1,109.56122983883672,117.26430808360074
0,0.0,inf
0,0.0,321.04556823152745
0,0.0,226.10462294325927
0,0.0,188.74727282337003
0,0.0,168.41121647448395
0,0.0,157.53552777368643
0,0.0,110.19254676493887
0,0.0,105.20962868687145
0,0.0,96.30795358215269
0,0.0,92.65731275658904
0,0.0,77.68333210351003
0,0.0,43.15974811971698
0,0.0,35.458163661434675
