Comparación,Pearson,Spearman,Frobenius
persistencia vs Todo,0.8690346672346067,0.8737920471311876,73886.63173455567
