Comparación,Pearson,Spearman,Frobenius
persistencia vs Todo,0.8333535211109614,0.8344396558830875,503555.56909386895
