Comparación,Pearson,Spearman,Frobenius
persistencia vs persistencia,0.8752400953729085,0.7756477370978657,579.7096662506701
