Comparación,Pearson,Spearman,Frobenius
persistencia vs Todo,0.9296485259482701,0.8729219370235421,254.27889193258983
