Comparación,Pearson,Spearman,Frobenius
persistencia vs Todo,0.8983336077219926,0.6670671646411536,201.92947750047742
