dimension,birth,death
0,0.0,inf
0,0.0,442.69046239032133
0,0.0,418.2226846183207
0,0.0,312.99368785537126
0,0.0,96.2120747666021
0,0.0,17.720164322717945
