dimension,birth,death
0,0.0,inf
0,0.0,258.9884550965652
0,0.0,98.36600811452665
0,0.0,89.66523578883204
0,0.0,65.77586849134012
0,0.0,60.337253037025015
0,0.0,44.4043559683616
0,0.0,32.53044671223855
