dimension,birth,death
0,0.0,inf
0,0.0,701.1449827189639
0,0.0,463.8816586841037
