dimension,birth,death
0,0.0,inf
0,0.0,180.0029589678838
0,0.0,98.63324862805614
0,0.0,38.031671777921105
0,0.0,35.95025231112538
0,0.0,24.219045680279258
0,0.0,17.67713788329977
