dimension,birth,death
0,0.0,inf
0,0.0,718.4423573882765
0,0.0,690.3134543523861
0,0.0,522.3844889127707
0,0.0,287.40336850752857
0,0.0,178.26520439095233
0,0.0,97.15150437373424
