dimension,birth,death
1,448.6229502491976,457.0187292906493
0,0.0,inf
0,0.0,inf
0,0.0,inf
0,0.0,458.4682232266984
0,0.0,450.437695247113
0,0.0,434.6887194843803
0,0.0,385.97498269761167
0,0.0,279.8492905120739
0,0.0,75.00420799279495
0,0.0,66.95147852500018
0,0.0,60.70397950782392
0,0.0,36.877630714695236
0,0.0,33.548381202501865
0,0.0,14.470088618405077
0,0.0,13.835361366718919
