dimension,birth,death
0,0.0,inf
0,0.0,inf
0,0.0,inf
0,0.0,505.62953732503127
0,0.0,148.7518054139945
0,0.0,57.470617030312496
0,0.0,29.71378218120798
0,0.0,16.697731245725162
0,0.0,9.846277633950217
