dimension,birth,death
0,0.0,inf
0,0.0,inf
0,0.0,240.08208185075856
0,0.0,50.65288736939432
