dimension,birth,death
0,0.0,inf
0,0.0,702.0784955038325
0,0.0,325.8025677774129
0,0.0,218.36088505157042
0,0.0,203.25096662509893
0,0.0,179.23528885006982
0,0.0,49.1083070283406
0,0.0,43.13863667358487
0,0.0,41.303604074000745
0,0.0,17.410619153391295
