dimension,birth,death
0,0.0,inf
0,0.0,inf
0,0.0,432.39783800112343
0,0.0,411.88866432602504
0,0.0,356.58592742515157
0,0.0,172.5185875269581
