dimension,birth,death
0,0.0,inf
0,0.0,inf
0,0.0,313.76210450229206
0,0.0,297.5700790187778
0,0.0,223.26541846693152
0,0.0,206.4808760730447
0,0.0,106.57405066272183
0,0.0,77.80572933533453
