dimension,birth,death
0,0.0,inf
0,0.0,840.5384046416219
0,0.0,533.9947437893652
0,0.0,222.98213470876695
0,0.0,191.1013328970893
0,0.0,175.75297446514145
0,0.0,157.6228946845745
0,0.0,146.4448421614629
0,0.0,136.2774609724957
0,0.0,92.5317476396201
0,0.0,20.489577394423296
