Comparación,Pearson,Spearman,Frobenius
persistencia vs Todo,0.619088799057706,0.6157490403178536,816028.3836176784
