Comparación,Pearson,Spearman,Frobenius
persistencia vs Todo,0.6765008897200164,0.6773263438084135,123646.62069146372
