Comparación,Pearson,Spearman,Frobenius
persistencia vs Todo,0.5021165788227397,0.4696752555580074,179059.4122693925
