Comparación,Pearson,Spearman,Frobenius
persistencia vs Todo,0.4276201308839762,0.41811756880697815,1121052.7019592547
