Comparación,Pearson,Spearman,Frobenius
persistencia vs persistencia,0.8979633917362108,0.891589891274612,408935.071780862
