dimension,birth,death
0,0.0,inf
0,0.0,421.3177957386039
0,0.0,354.320486425102
0,0.0,323.4340888361511
0,0.0,263.5946136811511
0,0.0,214.99565877907648
0,0.0,179.65325823786247
0,0.0,40.06625919063188
0,0.0,35.908081149357244
0,0.0,24.762286445315453
0,0.0,19.66408780694373
0,0.0,720.4664376823492
0,0.0,389.6010762408054
0,0.0,210.1338086692016
0,0.0,88.89508523937803
0,0.0,31.085506522896672
0,0.0,26.524935153361543
