dimension,birth,death
0,0.0,inf
0,0.0,488.9259503935394
0,0.0,377.37117215018816
0,0.0,279.4716205578366
0,0.0,60.18438153113484
0,0.0,47.46588592005367
0,0.0,29.891398087898665
0,0.0,23.43622951554495
0,0.0,20.95101569770949
0,0.0,16.049063375211222
0,0.0,454.4648081137621
0,0.0,360.47553146701705
0,0.0,243.6992095910697
0,0.0,218.95838918185825
0,0.0,195.82301063560004
0,0.0,179.8302092085444
0,0.0,104.51460056045468
0,0.0,93.54431283906538
0,0.0,89.32315263129678
0,0.0,81.05306951452462
