dimension,birth,death
1,606.4356313122413,767.9903165065142
0,0.0,inf
0,0.0,498.926374197404
0,0.0,481.8408018158751
0,0.0,419.4069172540696
0,0.0,385.8730223680087
0,0.0,318.1902713121748
0,0.0,46.07718563668726
0,0.0,38.10199147837061
0,0.0,34.95603423155135
0,0.0,24.30314308405583
1,457.41608469288974,458.2940681779406
0,0.0,452.731163518609
0,0.0,77.36929729387239
0,0.0,34.8388567546789
0,0.0,29.822185380687607
0,0.0,25.7824792869698
0,0.0,24.54677470251464
0,0.0,21.456635403379444
