Comparación,Pearson,Spearman,Frobenius
persistencia vs persistencia,0.7479418670989681,0.6478865696265119,836.0438164620714
