Comparación,Pearson,Spearman,Frobenius
persistencia vs persistencia,0.8493609747540057,0.8366170499781427,371445.36530393123
