Comparación,Pearson,Spearman,Frobenius
persistencia vs persistencia,0.433337981664063,0.5912835620678316,526.335252136079
