Comparación,Pearson,Spearman,Frobenius
persistencia vs persistencia,0.8711863444891411,0.8453834409604933,66130.94525821671
