Comparación,Pearson,Spearman,Frobenius
persistencia vs Todo,0.583611847353053,0.5610862328884466,153720.93717656098
