dimension,birth,death
0,0.0,inf
0,0.0,301.1637352619493
0,0.0,212.92508622911402
0,0.0,190.85022791534394
0,0.0,163.60393536831532
0,0.0,124.35925591292344
0,0.0,68.44626560893796
0,0.0,48.20727176779244
0,0.0,43.85090189343502
0,0.0,38.51103569477816
0,0.0,35.201614832581704
0,0.0,31.425621544378355
0,0.0,29.838910304371762
0,0.0,25.408782314614108
0,0.0,24.321395982699272
0,0.0,14.189010434235579
0,0.0,12.306504621057542
