dimension,birth,death
0,0.0,inf
0,0.0,573.4543729499421
0,0.0,382.4448719211764
0,0.0,194.5776449845306
0,0.0,174.04628343251633
0,0.0,160.12619578854213
