dimension,birth,death
0,0.0,inf
0,0.0,inf
0,0.0,508.5293118846428
0,0.0,495.76717861010866
0,0.0,349.2722782190736
0,0.0,341.5497929836188
0,0.0,293.7921801321905
0,0.0,288.3414409815062
0,0.0,243.92045707419248
0,0.0,132.9887975001606
0,0.0,118.79873085875498
0,0.0,88.48371149230803
0,0.0,33.47794360920436
0,0.0,18.717295163838884
0,0.0,12.28311046487073
