dimension,birth,death
1,75.78908244275887,80.94005097409915
0,0.0,inf
0,0.0,inf
0,0.0,inf
0,0.0,897.655685562522
0,0.0,606.818291878853
0,0.0,601.6800585022597
0,0.0,193.9556747675271
0,0.0,68.48611348129027
0,0.0,68.06592386467246
0,0.0,58.3106851436786
0,0.0,54.56678452922978
0,0.0,51.70883354580808
0,0.0,45.45659237134482
0,0.0,29.870276164647798
0,0.0,24.28954138864848
0,0.0,16.184832557100677
0,0.0,15.777083734988068
