Comparación,Pearson,Spearman,Frobenius
persistencia vs Todo,0.9673137593246797,0.9478327429025387,172.38917602043452
