Comparación,Pearson,Spearman,Frobenius
persistencia vs Todo,0.7964166359894139,0.8019183380784676,272.16396702483644
