Comparación,Pearson,Spearman,Frobenius
persistencia vs persistencia,0.38819161850372313,0.5541003482935754,468.75525182286503
