Comparación,Pearson,Spearman,Frobenius
persistencia vs persistencia,0.8678181872263528,0.855091632062706,409228.82006001024
