Comparación,Pearson,Spearman,Frobenius
persistencia vs persistencia,0.8523599847805335,0.8184832297067673,606.2824233286163
