Comparación,Pearson,Spearman,Frobenius
persistencia vs persistencia,0.8846025381171226,0.8636321202889852,65892.61953328147
