Comparación,Pearson,Spearman,Frobenius
persistencia vs persistencia,0.681559419191575,0.6630673424789386,737945.5387519487
