Comparación,Pearson,Spearman,Frobenius
persistencia vs persistencia,0.7357974138660347,0.6071953989684151,831.9797794522295
