Comparación,Pearson,Spearman,Frobenius
persistencia vs persistencia,0.7195709671352196,0.6800584681687835,123296.79626977336
