Comparación,Pearson,Spearman,Frobenius
persistencia vs persistencia,0.28004435289431795,0.385603563132562,612.900240267119
