Comparación,Pearson,Spearman,Frobenius
persistencia vs persistencia,0.8134452062424687,0.783844440691685,93211.81788440829
