Comparación,Pearson,Spearman,Frobenius
persistencia vs persistencia,0.8498815196732443,0.8091736963055037,608.6802328578412
