Comparación,Pearson,Spearman,Frobenius
persistencia vs persistencia,0.2831081842781824,0.4415511497451914,547.2461558491005
