Comparación,Pearson,Spearman,Frobenius
persistencia vs persistencia,0.9632160469199501,0.9622319562077908,220159.98873894554
