Comparación,Pearson,Spearman,Frobenius
persistencia vs persistencia,0.9647655558422615,0.9612768361617009,34530.452342187935
