Comparación,Pearson,Spearman,Frobenius
persistencia vs persistencia,0.9818371568789105,0.9590065797032854,214.19243869515068
