Comparación,Pearson,Spearman,Frobenius
persistencia vs persistencia,0.9716555105772062,0.9186555843972802,115.37306796241225
