Comparación,Pearson,Spearman,Frobenius
persistencia vs Todo,0.7710785542590569,0.7734207710062909,98881.84225046093
