Comparación,Pearson,Spearman,Frobenius
persistencia vs Todo,0.9142188071992123,0.7220049803981863,176.7955779306082
