Comparación,Pearson,Spearman,Frobenius
persistencia vs Todo,0.7146139384486616,0.7127787635812542,667299.8679499505
