Comparación,Pearson,Spearman,Frobenius
persistencia vs Todo,0.9564943059508442,0.9242720146276757,199.29922864911663
