Comparación,Pearson,Spearman,Frobenius
persistencia vs persistencia,0.9785440744196217,0.946818520846738,231.28482968127216
