Comparación,Pearson,Spearman,Frobenius
persistencia vs persistencia,0.762493135859112,0.6959223260164313,357.10753482839226
