Comparación,Pearson,Spearman,Frobenius
persistencia vs persistencia,0.9026292113615425,0.8934708878388238,63653.04504884982
