dimension,birth,death
0,0.0,inf
0,0.0,inf
0,0.0,77.36929729387239
0,0.0,34.8388567546789
0,0.0,29.822185380687607
0,0.0,25.7824792869698
0,0.0,24.546774702514636
0,0.0,21.456635403379444
