dimension,birth,death
0,0.0,inf
0,0.0,inf
0,0.0,inf
0,0.0,inf
0,0.0,inf
0,0.0,inf
0,0.0,inf
0,0.0,46.55995391053784
0,0.0,22.807859680253337
0,0.0,22.364873223853817
0,0.0,20.59042594205918
0,0.0,20.500194297191413
