dimension,birth,death
0,0.0,inf
0,0.0,inf
0,0.0,inf
0,0.0,inf
0,0.0,inf
0,0.0,160.02943907453076
0,0.0,155.72563138947712
0,0.0,126.97556216512685
0,0.0,102.37238401227516
