dimension,birth,death
0,0.0,inf
0,0.0,inf
0,0.0,inf
0,0.0,inf
0,0.0,inf
0,0.0,24.56526901029025
0,0.0,20.038664813351826
0,0.0,18.04742762825319
0,0.0,17.697898779668733
