dimension,birth,death
0,0.0,inf
0,0.0,inf
0,0.0,inf
0,0.0,162.8617665829406
0,0.0,112.53676906614861
0,0.0,15.951174988329042
