dimension,birth,death
0,0.0,inf
0,0.0,inf
0,0.0,inf
0,0.0,inf
0,0.0,inf
0,0.0,inf
0,0.0,179.8302092085444
0,0.0,93.54431283906538
