dimension,birth,death
0,0.0,inf
0,0.0,inf
0,0.0,inf
0,0.0,inf
0,0.0,inf
0,0.0,inf
0,0.0,inf
0,0.0,inf
0,0.0,146.3908476734025
0,0.0,129.86775349649653
0,0.0,115.4715051321228
0,0.0,92.99378632699492
0,0.0,92.49053644902553
0,0.0,80.2931042230657
0,0.0,75.9621664131548
0,0.0,75.37725127141391
0,0.0,73.30396311087561
0,0.0,34.724698398973665
0,0.0,16.615673694943577
