dimension,birth,death
0,0.0,inf
0,0.0,inf
0,0.0,inf
0,0.0,inf
0,0.0,inf
0,0.0,inf
0,0.0,inf
0,0.0,119.32501658059059
0,0.0,117.18149008323022
0,0.0,18.889474058308576
0,0.0,17.21423891225686
