dimension,birth,death
0,0.0,inf
0,0.0,inf
0,0.0,inf
0,0.0,inf
0,0.0,inf
0,0.0,inf
0,0.0,inf
0,0.0,inf
0,0.0,inf
0,0.0,inf
0,0.0,127.98446081837095
0,0.0,127.1362854116521
0,0.0,46.81337723887308
0,0.0,35.9837723791036
0,0.0,28.350012509441815
0,0.0,27.90528316784587
0,0.0,24.32740882957661
0,0.0,18.119112356642088
