dimension,birth,death
0,0.0,inf
0,0.0,inf
0,0.0,inf
0,0.0,inf
0,0.0,inf
0,0.0,140.99798166432592
0,0.0,27.951710612070038
0,0.0,18.88613221777236
0,0.0,17.30188219917252
0,0.0,16.871169698576395
0,0.0,16.0997563627206
