dimension,birth,death
0,0.0,inf
0,0.0,inf
0,0.0,inf
0,0.0,inf
0,0.0,inf
0,0.0,inf
0,0.0,inf
0,0.0,inf
0,0.0,inf
0,0.0,168.43860853663548
0,0.0,76.84468935390903
0,0.0,60.523720475181726
