dimension,birth,death
0,0.0,inf
0,0.0,inf
0,0.0,inf
0,0.0,inf
0,0.0,inf
0,0.0,inf
0,0.0,158.04521132098225
0,0.0,31.820606842134882
0,0.0,28.736701763734906
0,0.0,24.847315548700536
0,0.0,20.90011746320124
