dimension,birth,death
0,0.0,inf
0,0.0,inf
0,0.0,inf
0,0.0,inf
0,0.0,172.6519060259468
0,0.0,151.64459268435084
0,0.0,148.04435584394318
0,0.0,116.62772504011141
0,0.0,108.37553520734379
0,0.0,59.77095995585462
0,0.0,54.760987055593986
0,0.0,50.883548302346696
0,0.0,30.820277382185196
0,0.0,30.03784665033886
0,0.0,24.922867734817512
0,0.0,22.68504655849527
0,0.0,21.19386255888545
0,0.0,19.738588407512793
