dimension,birth,death
1,29.19404397838281,30.661253258218217
0,0.0,inf
0,0.0,inf
0,0.0,59.30188440481268
0,0.0,55.63336888669582
0,0.0,51.0340237338076
0,0.0,48.070370192879736
0,0.0,38.06697208544323
0,0.0,27.098226548103703
0,0.0,23.205453541469815
0,0.0,22.902731804163402
0,0.0,19.077097112010694
