dimension,birth,death
0,0.0,inf
0,0.0,inf
0,0.0,inf
0,0.0,126.0924971453653
0,0.0,22.331244514839412
