dimension,birth,death
0,0.0,inf
0,0.0,inf
0,0.0,inf
0,0.0,171.67167074931913
0,0.0,167.6556279123934
0,0.0,135.1463168259213
0,0.0,130.64829552870327
0,0.0,127.45290183318436
0,0.0,119.76799407623619
0,0.0,117.22682445855318
0,0.0,89.90473696555473
0,0.0,83.73693506659981
0,0.0,77.23599893217073
0,0.0,64.51454431451809
0,0.0,44.37782444644506
0,0.0,24.535900810663776
0,0.0,21.968269717748623
0,0.0,19.46763341101803
