dimension,birth,death
0,0.0,inf
0,0.0,inf
0,0.0,inf
0,0.0,inf
0,0.0,inf
0,0.0,176.22632152162143
0,0.0,172.51963574727836
0,0.0,55.47911382701803
0,0.0,16.753567353965902
