dimension,birth,death
0,0.0,inf
0,0.0,inf
0,0.0,276.62708364815757
0,0.0,210.13380866920158
0,0.0,151.31919475703984
0,0.0,106.28536954336782
0,0.0,55.332693491289014
0,0.0,54.113003478545934
0,0.0,19.313917577009676
