dimension,birth,death
0,0.0,inf
0,0.0,479.37852848682144
0,0.0,325.73894061969327
0,0.0,117.43643722690189
