dimension,birth,death
0,0.0,inf
0,0.0,396.2426485926437
0,0.0,305.9925027172027
0,0.0,29.0023653430031
0,0.0,23.642776136293488
