dimension,birth,death
1,380.4647683836276,399.3110512564672
0,0.0,inf
0,0.0,inf
0,0.0,inf
0,0.0,351.4763060046842
0,0.0,311.01997524238135
0,0.0,261.16731176389413
0,0.0,256.77965113825985
0,0.0,223.89640728566752
0,0.0,180.12297161713695
0,0.0,168.43860853663548
0,0.0,76.84468935390903
0,0.0,60.523720475181726
