dimension,birth,death
0,0.0,inf
0,0.0,58.50959653024398
0,0.0,9.218579243234698
