dimension,birth,death
1,446.85856332801154,451.9188602051639
0,0.0,inf
0,0.0,548.9624839807057
0,0.0,397.391621647602
0,0.0,327.0944571126889
0,0.0,115.66895867004898
0,0.0,87.8153242078644
0,0.0,65.28048824211065
0,0.0,36.81120659362082
0,0.0,30.627764470095546
0,0.0,25.425201250832362
0,0.0,25.299712209807154
0,0.0,21.43960461130613
0,0.0,20.225996093788464
