Comparación,Pearson,Spearman,Frobenius
persistencia vs Todo,0.17845282014355063,0.2942343477376796,501.78029217767056
