Comparación,Pearson,Spearman,Frobenius
persistencia vs Todo,0.6206408401209782,0.5300820850743215,590.4376667257192
