Comparación,Pearson,Spearman,Frobenius
persistencia vs persistencia,0.99736144277001,0.9914426579065516,80.26192240601601
