Comparación,Pearson,Spearman,Frobenius
persistencia vs persistencia,0.9654911858938384,0.9629452757747691,214469.13182793558
