Comparación,Pearson,Spearman,Frobenius
persistencia vs persistencia,0.9696465267573519,0.967549159634247,32415.127969213445
