Comparación,Pearson,Spearman,Frobenius
persistencia vs persistencia,0.7969777199722841,0.7799707795900945,324.21441746315145
