dimension,birth,death
0,0.0,inf
0,0.0,inf
0,0.0,203.23399429642618
0,0.0,21.82943920368477
0,0.0,14.235476695925962
