dimension,birth,death
0,0.0,inf
0,0.0,inf
0,0.0,309.76657084934914
0,0.0,236.70932399142905
0,0.0,126.24343151681914
0,0.0,19.276666955887595
