dimension,birth,death
0,0.0,inf
0,0.0,inf
0,0.0,inf
0,0.0,392.6200233208411
0,0.0,228.4025387535451
0,0.0,208.64614195016097
0,0.0,180.26136334925644
0,0.0,126.6602781222375
0,0.0,118.39811170584737
0,0.0,30.779572097240184
0,0.0,29.21481544298517
0,0.0,21.25560185774009
0,0.0,20.925771585473424
0,0.0,14.445804748135107
0,0.0,13.005259816541708
0,0.0,11.923269159832593
