dimension,birth,death
0,0.0,inf
0,0.0,inf
0,0.0,362.0632852795681
0,0.0,347.2767163523016
0,0.0,235.66681289684135
0,0.0,205.71793568819967
0,0.0,194.7224861531914
0,0.0,140.9338600272383
0,0.0,133.6270608219795
0,0.0,132.46894240980217
0,0.0,131.550585820667
0,0.0,114.41988623252676
0,0.0,94.78466360281415
0,0.0,82.2664275729134
0,0.0,71.62165716990272
0,0.0,68.79247820022232
