dimension,birth,death
0,0.0,inf
0,0.0,inf
0,0.0,169.94833603474518
0,0.0,120.14590596059071
0,0.0,68.15181746022269
0,0.0,66.45536333395934
0,0.0,35.47353065422109
0,0.0,31.260786429348773
0,0.0,30.653701288072423
0,0.0,22.543015717562614
