dimension,birth,death
0,0.0,inf
0,0.0,inf
0,0.0,288.4900035640286
0,0.0,227.79892165641692
0,0.0,90.01812189186093
0,0.0,43.19773695088818
0,0.0,22.483993353758994
0,0.0,21.174446011085173
0,0.0,19.993200843680544
0,0.0,19.067059493231014
0,0.0,13.491479709431182
