dimension,birth,death
1,308.15956879953615,310.01698170176763
0,0.0,inf
0,0.0,inf
0,0.0,268.77480154428434
0,0.0,262.76275152935887
0,0.0,255.92777576794975
0,0.0,198.80855811385686
0,0.0,162.93650777512184
0,0.0,127.46870086390769
0,0.0,125.02513321449602
0,0.0,80.21091856120307
0,0.0,72.49568877358972
0,0.0,55.953600706413326
0,0.0,19.06550912128004
