dimension,birth,death
0,0.0,inf
0,0.0,inf
0,0.0,inf
0,0.0,166.16259082952658
0,0.0,79.56814668629792
0,0.0,34.80840141187893
