dimension,birth,death
1,396.86928194137164,inf
0,0.0,inf
0,0.0,363.91378558602776
0,0.0,317.74293360720725
0,0.0,306.1383116182549
0,0.0,283.00073746158455
0,0.0,176.22632152162143
0,0.0,172.51963574727836
0,0.0,55.47911382701803
0,0.0,16.753567353965902
