Comparación,Pearson,Spearman,Frobenius
persistencia vs persistencia,0.41947024424571366,0.5565847274521369,524.6675705771918
