Comparación,Pearson,Spearman,Frobenius
persistencia vs persistencia,0.7911108642157031,0.7576412089088278,97255.46071279365
