Comparación,Pearson,Spearman,Frobenius
persistencia vs persistencia,0.7626966768902858,0.7483007585120246,568495.7888008622
