Comparación,Pearson,Spearman,Frobenius
persistencia vs persistencia,0.7367645367081932,0.6196607584225793,833.9547046872123
