Comparación,Pearson,Spearman,Frobenius
persistencia vs persistencia,0.3387735705230135,0.5245043049100557,521.8856908934266
