Comparación,Pearson,Spearman,Frobenius
persistencia vs persistencia,0.9441875562226311,0.9381419817358958,183178.01677390456
