Comparación,Pearson,Spearman,Frobenius
persistencia vs persistencia,0.9492242801218649,0.9377004853578722,34597.50783072833
