Comparación,Pearson,Spearman,Frobenius
persistencia vs Todo,0.30804370023711264,0.3896149556935211,418.03648040170475
