Comparación,Pearson,Spearman,Frobenius
persistencia vs Todo,0.755657019414624,0.7203757111181612,470.1006446334391
