Comparación,Pearson,Spearman,Frobenius
persistencia vs Todo,0.5134495689625366,0.4977946061084192,996689.8996992715
