Comparación,Pearson,Spearman,Frobenius
persistencia vs persistencia,0.8700842323111697,0.8583115713358156,582.6708445934503
