Comparación,Pearson,Spearman,Frobenius
persistencia vs persistencia,0.9456462548115978,0.935599912758829,204828.16645562914
