Comparación,Pearson,Spearman,Frobenius
persistencia vs persistencia,0.4249372945665436,0.6071909267628098,461.2516635274364
