Comparación,Pearson,Spearman,Frobenius
persistencia vs persistencia,0.956369652326619,0.9460393613773024,33530.5852273959
